{"train_loss": [0.002626867513107955, 0.0024112873833806673, 0.0021448393960028216, 0.0018603723455398906, 0.002893292479452951, 0.0016388213055952216, 0.0019983717472666055, 0.002070182664840779, 0.0019453867390167088, 0.002469566128506291, 0.001839266137006026, 0.0016180237566630078, 0.0020264644132547615, 0.002212501346740391, 0.0018170913297045164, 0.0018304177195142034, 0.0021469153333932315, 0.0016931746399430165, 0.001914253453534802, 0.0017189687058543688, 0.0015757192184908822, 0.0016740700538673296, 0.0017416506884157911, 0.0019628675051838237, 0.0019297349615785948, 0.0017498107940247065, 0.0015769218434565665, 0.001796244946731874, 0.0014532700193958584, 0.00211046752011935, 0.0013465627498716666, 0.0022430725608793664, 0.0013806464196572162, 0.0014441174777809747, 0.001978737387074335, 0.0016292089311660289, 0.0014897498525859843, 0.0017387071740829416, 0.001700099335670901, 0.002060946561791323, 0.0016358861522458618, 0.0015428197995121064, 0.0015951201763065935, 0.0017519222445512002, 0.0020040673515874428, 0.001799805161804377, 0.002119995588696281, 0.0016176367065671373, 0.0021047784054638234, 0.0015485523730984514, 0.001558395751890406, 0.0015594103955891806, 0.0014832201059074629, 0.0017568654729406192, 0.0016342081700184898, 0.001322632190732271, 0.001791864811909589, 0.0014848166280106243, 0.0015825707117983567, 0.0013303300251187528, 0.0020769292103284, 0.0015171715820884238, 0.0020064290800167945, 0.0018317553738480023, 0.0016111991279844466, 0.0015759481081500026, 0.0016775553707279085, 0.0014675598792175382, 0.001597700181270287, 0.0014780317112654403, 0.0022512772192408085, 0.0017875482518208408, 0.0015216945126128316, 0.0013522594805586898, 0.0016639989950920973, 0.0017519889664406613, 0.0013696328276511906, 0.0017801712638265317, 0.001722384970360129, 0.001507637578087, 0.0019183538793708392, 0.0014635502634898435, 0.0018264933688824858, 0.0015811622472590942, 0.001791919206191049, 0.0016941907256187226, 0.001492984469252866, 0.0015544178681889506, 0.001363102635277092, 0.0015330031850730671, 0.0017989497882514222, 0.0015789451975334926, 0.001477678672584014, 0.0015274633008312223, 0.0013646551191128838, 0.0014633662654312948, 0.0017422900840125806, 0.0014347795444314623, 0.0018281924227169005, 0.0015025019565109243], "val_loss": [0.8257525364492339, 0.8793517587902936, 0.8253648943151938, 0.9268258576504272, 0.9000280746770977, 0.8001037538923451, 0.8581184381813122, 0.8855178893791738, 0.8183861367350227, 1.005805531795395, 0.8147928871745742, 0.8583993083984838, 0.8955593588376807, 0.8908854310671289, 0.8512937605729822, 0.7517124106986235, 0.8763985287619981, 0.7989105606862973, 1.0226442564672948, 0.8654263319805738, 0.6804494950981308, 0.983601775466749, 0.7184798494325303, 0.927917891225721, 0.7510971830588357, 0.9242488890018028, 0.9417019315608438, 0.8948035949507079, 0.8856192872405156, 0.8711557603381471, 0.8669767072428537, 1.0086161230880089, 0.8454935083883973, 0.9203163125669014, 1.026734998347942, 0.8571791804152258, 0.7914891729411507, 0.8956681856834644, 1.0741701212177714, 1.1033750404021967, 1.0188251000277064, 0.9235073358734829, 1.3407773882092426, 0.9415203622915497, 1.0874514148447472, 0.9088083703983485, 0.9378412584332525, 1.094222325686516, 1.1263028166434315, 0.8809553673004662, 0.8734806245587415, 1.1356852986244426, 0.8513632889581858, 1.2368703999006847, 0.9652594872001482, 0.8868447910584151, 0.966036196625467, 1.269072575798165, 0.9828515984500588, 1.1442361908830792, 1.020402522531279, 1.2185510176929994, 1.2730467992377923, 1.1528397143136695, 1.109263099955775, 1.0188811578333177, 1.1584509867105621, 1.2383373550257157, 0.8987780008269677, 1.3732230635896718, 1.252735186754518, 1.3271383543327737, 1.0692476871041172, 1.4130288189673648, 1.1424714348559128, 1.2137902029964747, 1.039358360456008, 1.2279705551104234, 1.0573884018758988, 1.2931121370818028, 1.2704658737120977, 1.306450303513306, 1.2193862598070402, 1.5379418902283515, 1.2004648952510864, 1.2196366713349063, 1.2500256882927965, 1.0116696565033614, 0.9699351806109209, 1.3369787882234703, 1.491016358896567, 1.0602025068993826, 1.0770576949186697, 0.9582763248928186, 1.250989245852495, 1.4223002753418965, 1.5063734812804788, 1.41301232533644, 1.3512596586368288, 1.679316771014576], "train_acc": [99.94835955520364, 99.94950712064356, 99.95409738240323, 99.95754007872299, 99.94262172800404, 99.95639251328306, 99.95639251328306, 99.95065468608347, 99.95983520960283, 99.94376929344396, 99.95868764416291, 99.95754007872299, 99.95524494784316, 99.94950712064356, 99.95639251328306, 99.95868764416291, 99.94376929344396, 99.95868764416291, 99.95524494784316, 99.95983520960283, 99.96098277504275, 99.95524494784316, 99.95983520960283, 99.94835955520364, 99.95180225152339, 99.95065468608347, 99.95983520960283, 99.95868764416291, 99.95868764416291, 99.9460644243238, 99.95983520960283, 99.9460644243238, 99.96327790592258, 99.96098277504275, 99.94491685888387, 99.95868764416291, 99.95983520960283, 99.95180225152339, 99.95180225152339, 99.94835955520364, 99.95868764416291, 99.95868764416291, 99.95294981696331, 99.96098277504275, 99.95065468608347, 99.95524494784316, 99.94262172800404, 99.95294981696331, 99.9403265971242, 99.96098277504275, 99.95524494784316, 99.95409738240323, 99.95754007872299, 99.94262172800404, 99.95868764416291, 99.95868764416291, 99.94835955520364, 99.95180225152339, 99.95983520960283, 99.96098277504275, 99.94491685888387, 99.95409738240323, 99.94491685888387, 99.95639251328306, 99.95754007872299, 99.95639251328306, 99.95180225152339, 99.95639251328306, 99.95868764416291, 99.95294981696331, 99.94721198976372, 99.95294981696331, 99.95639251328306, 99.96213034048266, 99.95409738240323, 99.95294981696331, 99.95983520960283, 99.95294981696331, 99.95524494784316, 99.95754007872299, 99.9460644243238, 99.95868764416291, 99.95294981696331, 99.95524494784316, 99.95065468608347, 99.95180225152339, 99.95868764416291, 99.96098277504275, 99.96213034048266, 99.95524494784316, 99.95065468608347, 99.95983520960283, 99.95294981696331, 99.95524494784316, 99.95524494784316, 99.95294981696331, 99.95180225152339, 99.96213034048266, 99.95180225152339, 99.95754007872299],