{"train_loss": [4.735226329902895, 2.804132333192181, 1.9024955972963493, 1.4514266048146414, 1.1911408983707077, 1.0137306460221784, 0.8891704622300536, 0.79741605036453, 0.7313231044611654, 0.6699508877030729, 0.6295498284222708, 0.5848173214459078, 0.5515025576710614, 0.5284151007584057, 0.5046319546104134, 0.47854880126885163, 0.4597564629099924, 0.4520661168883551, 0.4346855709031115, 0.4197194803623748, 0.40487318317215787, 0.40390590892724487, 0.3919877743323863, 0.38093474145469947, 0.36748347375760737, 0.36974243962762554, 0.3549976487535978, 0.35331305984418604, 0.3446754530788825, 0.3443849467113067, 0.3383888511975924, 0.33083708041037124, 0.3293174764479233, 0.3217957458758341, 0.32217485788886857, 0.3181629872698988, 0.3120668535702007, 0.3097030084782585, 0.3112721584796107, 0.30639963439445556, 0.29857260634966754, 0.3014891606026634, 0.29583571644201767, 0.2981580668573491, 0.292680784550505, 0.29289553208323127, 0.29162848063043034, 0.28611901814388807, 0.2837275499751499, 0.2821312686503645, 0.28454311972992735, 0.2819297304417987, 0.27807873947800255, 0.27051533296500524, 0.2757472286996447, 0.2757421039658901, 0.2728112138939061, 0.27111767500942563, 0.2686562831062282, 0.2643017624600595], "val_loss": [2.9584708042508345, 1.5548056392026437, 1.0092751598777658, 0.6874213451601543, 0.5617686831050954, 0.42892378995801345, 0.35473510454739293, 0.3180538187611881, 0.27170032348560275, 0.2623248751332595, 0.22052035645426107, 0.19844936728347748, 0.1896893687695101, 0.17974254362731681, 0.16988463933877318, 0.1569176041063664, 0.14036480722712663, 0.13612566409015323, 0.1286688484872836, 0.13112216324428003, 0.12477763125926336, 0.1221615737273366, 0.11776374703025837, 0.11733080591257768, 0.11605840071143386, 0.11042787085213532, 0.11080702277251364, 0.10317020733761219, 0.10611432723405609, 0.10688153962325442, 0.10047085941558372, 0.10491496332280291, 0.09689960453973463, 0.09508876020909503, 0.09429314175388186, 0.0908729058240668, 0.09489278854449591, 0.09551175168496584, 0.08868134654502766, 0.08976802406206971, 0.0877577577768982, 0.08802501260524184, 0.08614079108268168, 0.08359222968945025, 0.08751121736508849, 0.09108141028003759, 0.08267866650428465, 0.08478408822956389, 0.08625780168798365, 0.07696425744084522, 0.08219221246808077, 0.07716218929238006, 0.08038259970838112, 0.0763295113596904, 0.07862506307873368, 0.07532703798589271, 0.07732347515744534, 0.0739237236006604, 0.0745761689410444, 0.07539118292018235], "train_acc": [5.986848900058526, 25.619398446196396, 44.3522566874376, 56.175623414925234, 63.62332312000092, 68.6576927049265, 72.39531334274336, 75.03815655087732, 77.04295337441617, 78.88479590548651, 80.12875684235894, 81.68370801344946, 82.63044950138281, 83.34423520501257, 84.17736771439391, 84.89115341802366, 85.45116535270424, 85.72772862372477, 86.30724917088396, 86.92922963932018, 87.24825283161772, 87.4261254748052, 87.80023180821887, 88.0653194248402, 88.4887710721704, 88.48991863761032, 88.85254931662477, 88.93287889741913, 89.23468860811788, 89.29206688011384, 89.38157698442754, 89.76027357960088, 89.77978219207951, 90.0781492064585, 89.99781962566415, 90.156183656373, 90.31225255620201, 90.33864656132016, 90.39143457155645, 90.49701059202901, 90.78160682112897, 90.62324279042012, 90.8366899622451, 90.71390046017375, 90.87341205632251, 90.95259407167694, 90.98702103487452, 91.13964723838377, 91.18210715966077, 91.26243674045513, 91.2371903007769, 91.2968637036527, 91.37719328444705, 91.55391836219461, 91.57801723643291, 91.50113035195832, 91.58490262907242, 91.59408315259178, 91.66982247162645, 91.75244718330063], "val_acc": [24.862334801762113, 56.029735682819386, 71.32892804698972, 80.04772393538913, 83.12224669603525, 87.50917767988253, 90.38179148311306, 90.95080763582966, 92.30910425844347, 92.29074889867842, 93.90602055800294, 94.43832599118943, 94.58516886930984, 95.0715859030837, 95.43869309838473, 95.94346549192365, 96.2830396475771, 96.19126284875183, 96.65932452276064, 96.42988252569751, 96.73274596182085, 96.83370044052863, 97.00807635829662, 96.91629955947137, 97.0356093979442, 97.02643171806167, 97.16409691629956, 97.41189427312776, 97.45778267254038, 97.29258443465491, 97.50367107195301, 97.32929515418502, 97.68722466960352, 97.61380323054333, 97.40271659324523, 97.69640234948605, 97.678046989721, 97.58627019089575, 97.70558002936858, 97.678046989721, 97.76064610866374, 97.75146842878121, 97.88913362701909, 97.9258443465492, 97.93502202643172, 97.76064610866374, 97.94419970631424, 97.9992657856094, 97.99008810572687, 98.1461086637298, 98.05433186490455, 98.12775330396475, 98.1093979441997, 98.11857562408223, 98.10022026431719, 98.33883994126285, 98.21035242290749, 98.20117474302496, 98.15528634361233, 98.34801762114537]}