{"train_loss": [0.6503494385132093, 0.6076816468254804, 0.5789729313057862, 0.5452783546340755, 0.5224650356913103, 0.4995862365660645, 0.4802370344380275, 0.4656085083876544, 0.44790051987725643, 0.43631208607470195, 0.4261876380648163, 0.4176316924540876, 0.40049375298264794, 0.396964031145819, 0.38517451925523216, 0.37729478420801843, 0.3683291388519666, 0.3626446369474702, 0.352990254425415, 0.35197612979940296, 0.35206430224173874, 0.3447152014511327, 0.3305966464505858, 0.3286806689636856, 0.33524675340639226, 0.3284456765322936, 0.31750560883315015, 0.3156523842640801, 0.32021011282360284, 0.3122783649217737, 0.3155207788837026, 0.308229008672428, 0.3040978919917091, 0.30370626122404915, 0.3027183818118031, 0.2982726373994195, 0.2949868936177819, 0.2936977753080646, 0.28918767465543815, 0.2917382364939466, 0.28310278419982343, 0.2839292219960337, 0.28639641059589915, 0.28278814817583203, 0.28273700754446757, 0.2822676606280743, 0.27550248628367346, 0.2737658222160807, 0.2731659357106414, 0.2755691566546933], "val_loss": [0.24189629084007305, 0.20876990083490343, 0.19618221176201014, 0.1815715012826091, 0.17133228359211378, 0.16683192036314007, 0.1574919999043165, 0.15343014673258878, 0.13997345399810512, 0.13837883740788479, 0.12689370663510227, 0.12287488003818542, 0.12202933933066963, 0.11675256635321855, 0.11538333988740297, 0.11417068918358501, 0.11683199075091619, 0.10861953079534553, 0.10413154878802433, 0.10749488896666412, 0.10063860443853595, 0.10226049466863277, 0.09864759959500348, 0.09728518447146035, 0.09471137616820934, 0.09416384056764941, 0.0926106725020974, 0.09033795550666665, 0.0871911899472076, 0.09337074360634402, 0.08920510273660284, 0.0810403241171236, 0.0863286129177546, 0.0835456564745342, 0.08698610724475715, 0.08073391693142717, 0.08931230002085787, 0.08738671638832163, 0.08078833863118157, 0.08239113017568457, 0.08159114754472176, 0.08168527471626473, 0.07898217031267564, 0.07708571528081504, 0.07690226282996789, 0.08103636060531566, 0.08347778385233671, 0.07615960890503533, 0.08234106872447639, 0.0841392427446888], "train_acc": [79.65710744655215, 80.97221744069955, 81.80879264640066, 82.86340528568641, 83.54505915699843, 84.24736920622898, 84.85672645482609, 85.50739605926027, 85.94691362274934, 86.31413456352348, 86.57577948382506, 87.00496895835485, 87.49383183576043, 87.61432620695196, 87.94597261908861, 88.12843552403575, 88.43713062737403, 88.71828416015423, 88.86746766734373, 89.08320997004854, 89.07632457740903, 89.30583766539287, 89.60420467977187, 89.66732077896742, 89.54223614601622, 89.81420915527708, 90.04601737414076, 90.18028253061131, 89.92552300294925, 90.42241883843427, 90.20897166660929, 90.42700910019394, 90.58996339266247, 90.57619260738343, 90.57848773826328, 90.6875064550556, 90.82865700416566, 90.8183289152064, 91.06849818110878, 90.99505399295394, 91.207353599339, 91.13620454206401, 91.05931765758942, 91.28309291837367, 91.31637231613132, 91.25669891325553, 91.43112886012325, 91.49194982843896, 91.47817904315994, 91.39211163516599], "val_acc": [93.48384728340676, 94.24559471365639, 94.52092511013215, 95.06240822320117, 95.26431718061674, 95.48458149779735, 96.01688693098384, 95.80580029368576, 96.2830396475771, 96.27386196769457, 96.7143906020558, 96.87958883994126, 96.93465491923642, 96.90712187958884, 97.06314243759178, 96.98972099853157, 96.89794419970632, 97.11820851688694, 97.38436123348018, 97.27422907488987, 97.37518355359765, 97.37518355359765, 97.37518355359765, 97.43024963289281, 97.5679148311307, 97.51284875183553, 97.59544787077827, 97.73311306901616, 97.91666666666667, 97.72393538913363, 97.85242290748899, 98.06350954478708, 97.98091042584434, 97.81571218795888, 97.91666666666667, 98.1093979441997, 97.84324522760646, 97.88913362701909, 98.08186490455213, 97.96255506607929, 97.96255506607929, 98.10022026431719, 98.11857562408223, 98.1093979441997, 98.02679882525698, 98.1093979441997, 97.91666666666667, 98.10022026431719, 98.15528634361233, 97.81571218795888]}