{"train_loss": [3.305676060998142, 0.6865233446139071, 0.18554900718456963, 0.06598551742970656, 0.04144802726492616, 0.03338626937355379, 0.02356883676294249, 0.01947390693473899, 0.017255047644100786, 0.01632324258441795, 0.011987232038750769, 0.014385949594234311, 0.010865248332592427, 0.00949360826353336, 0.00787484181284725, 0.008568519293716265, 0.007495918068529754, 0.007352140253245954, 0.006837885223063839, 0.006135532867129166, 0.005607132402980398, 0.004220485395847322, 0.004823041720178124, 0.005062590467110173, 0.004574965749468029, 0.006084461708983088, 0.004267265425334286, 0.0047172114820083705, 0.003334777024369053, 0.0038278687898308152, 0.00413065500799964, 0.003849327417413224, 0.003707954715196358, 0.003121846428489422, 0.003312322082776841, 0.0038129896209479507, 0.0024166104148430376, 0.0033733546621032362, 0.0030314720298049553, 0.0023325095942255706, 0.002655103459632464, 0.003488191833867637, 0.0029904469135480297, 0.0026590625196214438, 0.002594769105339168, 0.0026362582213297894, 0.0028169696933594865, 0.0025263583929925988, 0.0018255236023317738, 0.0025015191887152568], "val_loss": [1.6144061831872134, 0.8262801565273591, 0.6411535715700681, 0.7048156619075492, 0.7603197364932227, 0.7822144421485261, 0.8165775258323953, 0.8604227601578749, 0.8502369870962784, 0.8991978400027724, 0.920424906540164, 0.8638263269125269, 0.8725117232776493, 0.8953985765965434, 0.9629366821857089, 0.9892591584529263, 0.9812221696389133, 0.9732238691098843, 0.958312612285248, 0.9752398589211885, 0.9560905688385111, 1.035788169213464, 0.9372515185906629, 1.002340897831974, 0.9473216910514076, 0.9855650573334147, 0.9134062345185628, 0.9361154359513897, 1.0199842445740102, 0.9549160778912043, 1.0312307746269498, 0.9647360554822746, 0.9661212052790844, 0.9575654717223875, 1.111176090434364, 0.8157381148883007, 0.7601773655278906, 1.043046210584148, 0.8876679946908548, 0.8599430288719822, 1.0034428641302033, 1.0221091347423839, 1.0110735446216406, 1.0096320741327702, 0.8672551493965773, 0.898617587193841, 0.9534649320706249, 0.9062972949201537, 0.797162147687562, 0.9467840351912885], "train_acc": [38.92656728749957, 84.85787402026601, 95.45334572704009, 98.1902893012474, 98.82030272776305, 99.05670120838641, 99.3481828301259, 99.45146371971862, 99.53064573507304, 99.57884348354965, 99.72687942529923, 99.66376332610368, 99.74868316865769, 99.78425769729519, 99.84737379649074, 99.81409439873309, 99.8267176185722, 99.8267176185722, 99.87721049792864, 99.84737379649074, 99.86458727808953, 99.91737528832581, 99.9104898956863, 99.88524345600808, 99.89671911040728, 99.87835806336857, 99.91622772288589, 99.90016180672703, 99.92770337728508, 99.91852285376574, 99.92196555008549, 99.91278502656614, 99.9345887699246, 99.92311311552541, 99.92655581184518, 99.92999850816493, 99.95639251328306, 99.91508015744598, 99.94491685888387, 99.95754007872299, 99.93573633536452, 99.92196555008549, 99.9345887699246, 99.9460644243238, 99.9460644243238, 99.95065468608347, 99.94491685888387, 99.94721198976372, 99.95983520960283, 99.95639251328306], "val_acc": [66.5381791483113, 84.34287812041116, 89.96879588839941, 90.87738619676945, 91.93281938325991, 92.22650513950073, 92.57525697503671, 92.9974302496329, 93.27276064610867, 93.25440528634361, 92.92400881057269, 93.28193832599119, 93.45631424375918, 93.83259911894272, 93.70411160058737, 93.97944199706315, 93.59397944199706, 94.19052863436123, 93.85095447870778, 93.94273127753304, 94.19970631424376, 93.68575624082231, 94.32819383259911, 94.30983847283407, 94.41079295154185, 94.25477239353891, 94.41079295154185, 94.00697503671071, 93.66740088105728, 94.45668135095448, 94.15381791483114, 94.45668135095448, 93.98861967694567, 94.78707782672541, 93.16262848751836, 94.65859030837004, 94.76872246696036, 94.47503671071954, 94.66776798825256, 94.16299559471365, 94.27312775330397, 93.99779735682819, 94.22723935389133, 94.54845814977973, 94.7136563876652, 94.1079295154185, 94.79625550660793, 94.83296622613803, 94.51174743024963, 94.53928046989721]}