{"train_loss": [5.959354311008986, 4.789009380095505, 3.995310770257454, 3.530440952371746, 3.182259684617299, 2.862232401770117, 2.5208633146884685, 2.197517539479834, 1.902958768404878, 1.6329847365267651, 1.4339224376036033, 1.2718393303530506, 1.1208115104536653, 1.0134796811193885, 0.9269146604050449, 0.8577113414125821, 0.7892763838062552, 0.7449324892480993, 0.7001432917886324, 0.6636996692382948, 0.6293400067469535, 0.5968994587090922, 0.5748097571748119, 0.5527020882399378, 0.5319122259454493, 0.5132302476172492, 0.4955104963536677, 0.4850521158104251, 0.47247827119534497, 0.4617376092290738, 0.44319593758020065, 0.4345817674025237, 0.43241190523861, 0.4176139482153407, 0.4148946157211291, 0.4015399459311834, 0.3896563661034477, 0.39186818122169037, 0.392082591803687, 0.3809944867332864, 0.3711886061738394, 0.3686019429039872, 0.3661505237273686, 0.3611788279544453, 0.3494887608903489, 0.35119108390883597, 0.3471388273985944, 0.34319143287909987, 0.3417716525774039, 0.3345078449120551], "val_loss": [5.082471077742814, 3.7137681861077585, 3.0257259659753166, 2.5612958185483983, 2.189378281405245, 1.9186967405056323, 1.6434902520386006, 1.375279095428081, 1.1443718107215122, 0.9670983676599267, 0.8591095767369019, 0.7569238907299782, 0.6864085832059034, 0.6240729539057027, 0.5814070453118981, 0.5573592649150061, 0.5130870662686958, 0.47915341562517755, 0.46659391678192397, 0.4467811621179329, 0.4438635066132501, 0.4274522714081966, 0.4121762879105432, 0.41084802084291067, 0.39173786381370174, 0.39442851389191574, 0.385980505098881, 0.3799971443477368, 0.37547898463238455, 0.38681732664155144, 0.3746165418219029, 0.35991830403521885, 0.3557265946717354, 0.35153652912912525, 0.35710025875272006, 0.34310439139532195, 0.3481910765427779, 0.34717654469566384, 0.34191014157653216, 0.3397613492576867, 0.32895011376982825, 0.34001983805206915, 0.3404799250986897, 0.3343679555072149, 0.3370162283477156, 0.3278716497213369, 0.3222178239354869, 0.3158746951637254, 0.3220939306822903, 0.3285402352397625], "train_acc": [0.6529647353140313, 6.055702826453678, 12.626662535431082, 18.121205861764267, 23.39541662363296, 29.130948692349182, 36.15290161921484, 43.44912268622118, 50.122215719351395, 56.50038443442237, 61.30868362768387, 65.29532596596322, 68.90327170906922, 71.57021379144146, 73.65993045753434, 75.57292204587966, 77.23459680288268, 78.47281991255551, 79.61235239439529, 80.57171710216775, 81.47370353794425, 82.49503677947234, 82.85651989304691, 83.50030410484158, 84.20261415407214, 84.76377365419263, 85.35362229031111, 85.5085436247002, 85.90560126691224, 86.09035930273924, 86.72955325277424, 86.86037571292503, 87.0439861833121, 87.43415843288463, 87.55465280407616, 87.85761008021483, 88.30630816722324, 88.15253439827406, 88.21679806290953, 88.46581976337201, 88.74926842703205, 88.8536968820647, 88.90304219598123, 89.08206240460862, 89.40452829322592, 89.36895376458843, 89.41141368586544, 89.50551405193882, 89.66158295176783, 89.86699716551337], "val_acc": [5.607562408223201, 20.13582966226138, 31.488619676945667, 41.02422907488987, 47.86160058737151, 54.423641703377385, 61.784140969163, 67.95154185022027, 73.16446402349486, 77.62481644640235, 79.3593979441997, 81.93832599118943, 83.88399412628488, 85.47173274596182, 86.71071953010279, 87.01358296622614, 88.12408223201174, 89.04185022026432, 89.34471365638767, 90.18906020558003, 90.2165932452276, 90.59287812041116, 91.08847283406755, 91.27202643171806, 91.36380323054333, 91.71255506607929, 91.86857562408223, 91.91446402349486, 92.1071953010279, 91.8593979441997, 92.23568281938326, 92.55690161527166, 92.63032305433187, 92.90565345080763, 92.89647577092511, 93.11674008810573, 93.19016152716593, 93.30029368575624, 93.22687224669603, 93.27276064610867, 93.47466960352423, 93.3186490455213, 93.22687224669603, 93.57562408223201, 93.48384728340676, 93.64904552129222, 93.92437591776799, 93.70411160058737, 93.72246696035242, 93.47466960352423]}