{"train_loss": [6.256021647726387, 6.13344615093937, 6.12034375674574, 5.740754288723815, 5.2373171369059675, 4.625606297833979, 3.811854348133664, 3.0992812877534597, 2.5706347255104616, 2.136336321741474, 1.8211724297328142, 1.546531650397746, 1.3366226529847507, 1.1803598104594561, 1.0300629679414495, 0.9194682395624519, 0.8291779179317486, 0.7535432366142801, 0.7021184424581156, 0.6397288995582977, 0.5966499032980589, 0.5578910090390281, 0.526725243900119, 0.49949213376380885, 0.482596968958447, 0.45966922250821113, 0.433832067074514, 0.42495686312243014, 0.40897823465378097, 0.38832388008245855, 0.38204335854026367, 0.3715457903076286, 0.37025935129808174, 0.3532289437178342, 0.345420668584058, 0.33390689992568784, 0.32876152953163074, 0.32958185574294185, 0.3185757579119184, 0.3088246347538569, 0.31241465065075785, 0.29869335789640983, 0.2974384439351494, 0.2961458334112581, 0.2893556863918802, 0.2900861956482745, 0.27930104882263534, 0.276085385200041, 0.27120733388635315, 0.27381814573652136], "val_loss": [6.120986636433084, 6.118413834278185, 6.106142028685539, 5.278767911569814, 4.682390622029906, 3.821410002596567, 2.899841649791013, 2.2269534861062628, 1.755381844173079, 1.371006672901492, 1.0771775027065158, 0.846476354835626, 0.693136604519184, 0.5530263590858566, 0.47281349914850357, 0.3748959923651932, 0.34299491762314704, 0.30983658349605775, 0.273358500779052, 0.24343641323776222, 0.21446231951602684, 0.2054570062851178, 0.19718672923651206, 0.177652022046347, 0.18026886642183798, 0.17611495534269087, 0.15709861023988678, 0.14911995209763584, 0.14724335319719464, 0.14885948901559715, 0.1406053413661392, 0.13372498132707134, 0.12992195615782526, 0.128881981806692, 0.14289261595313346, 0.13074632697989355, 0.13237339555943864, 0.12085091994144119, 0.12093907472011288, 0.12946528432665838, 0.12528009001465884, 0.1372763888717184, 0.12338763478373015, 0.12426439528488456, 0.12898119297243013, 0.12411111038078625, 0.11515651854507025, 0.12427367085125361, 0.1249229564454203, 0.12789047220701144], "train_acc": [0.20541421374553884, 0.2111520409451349, 0.18820073214675068, 0.570340023639848, 1.4046200984611148, 3.620568962945112, 8.749038913944068, 15.880010557602047, 23.978379867111922, 32.89955359704387, 40.8636577500832, 48.80366302888422, 55.504297632572495, 61.083760801459704, 66.34534834348929, 70.21264387601703, 73.47172972538759, 76.19834521063564, 78.01723643290758, 80.02318082188637, 81.57927955841681, 82.80028918649086, 83.86063965297622, 85.06787849577123, 85.44198482918489, 86.40593979871703, 87.03136296347299, 87.45710974168301, 87.94367748820876, 88.66205345359819, 88.81926991886712, 89.24845939339691, 89.42403690570455, 89.77289679943999, 90.06208329029963, 90.53717538242618, 90.63471844481931, 90.68865402049552, 90.98243077311484, 91.22112438461804, 91.21079629565877, 91.59982097979137, 91.6973640421845, 91.77769362297884, 91.96130409336592, 91.93491008824778, 92.30786885622153, 92.34918121205862, 92.53738194420536, 92.51213550452715], "val_acc": [0.22944199706314244, 0.22026431718061673, 0.3671071953010279, 1.2389867841409692, 3.423274596182085, 9.40712187958884, 19.98898678414097, 31.9291483113069, 43.309471365638764, 53.86380323054332, 64.02349486049927, 71.95301027900148, 77.48715124816447, 82.81020558002938, 86.24265785609398, 88.97760646108664, 89.72099853157121, 90.95080763582966, 92.38252569750367, 93.00660792951543, 94.03450807635829, 94.3924375917768, 94.55763582966226, 95.2826725403818, 95.49375917767988, 95.46622613803231, 96.06277533039648, 96.31057268722466, 96.37481644640235, 96.51248164464023, 96.6776798825257, 96.90712187958884, 96.98972099853157, 97.11820851688694, 96.9988986784141, 97.09067547723936, 97.15491923641703, 97.49449339207048, 97.44860499265786, 97.47613803230543, 97.54038179148311, 97.08149779735683, 97.51284875183553, 97.48531571218795, 97.4669603524229, 97.44860499265786, 97.66886930983847, 97.63215859030836, 97.5679148311307, 97.48531571218795]}