{"train_loss": [5.423386426399108, 3.6368249619759827, 2.490656418247195, 1.804194129051616, 1.3570879982475317, 1.060550520379813, 0.8644007260907064, 0.7178711042945956, 0.6133236802687729, 0.5305120480983968, 0.4655543753792492, 0.4266398690405702, 0.38551468943982836, 0.3511738166016104, 0.3279077402321504, 0.3034908797745094, 0.28458098848808483, 0.2680725608610448, 0.2602165078911137, 0.24687429597305896, 0.23642865850804878, 0.22724823492255045, 0.2235490912947634, 0.21031365541415767, 0.20987666710232017, 0.195220796312732, 0.1949680259823252, 0.1854251967243872, 0.1846404335644129, 0.17715303792697534, 0.17116254280600288, 0.16424514685494881, 0.16834666198885367, 0.160790545955128, 0.15973958264825738, 0.1593114042349663, 0.15230455916414581, 0.15102408610615284, 0.142161220493323, 0.14686160461933362, 0.14012470055698376, 0.14049821909757745, 0.13938377007552136, 0.135658414037105, 0.13390897907280444, 0.13122768140713878, 0.13370951390879915, 0.13405668371590881, 0.12743820948560453, 0.1295707227420144], "val_loss": [4.56565007366393, 2.933324006645561, 2.129444126159914, 1.5853271567838982, 1.2586078556838973, 1.0842904523069645, 0.9068132599056467, 0.8233737175371989, 0.7580858450437571, 0.6972274482687197, 0.6340577709229112, 0.6080517074819709, 0.5654563198871145, 0.5453453320256076, 0.5242772544201606, 0.5136200933228315, 0.4978603835291396, 0.4884674301168873, 0.478771406712005, 0.4787176501584892, 0.4555301442469233, 0.4541954471459312, 0.451947943102623, 0.4312235001123666, 0.41744102693717283, 0.4159459156821321, 0.42729024367838486, 0.4226855237441154, 0.4014542647842263, 0.4026108449461523, 0.41462608106718385, 0.4015659823347309, 0.4374426411836247, 0.40186691201425806, 0.400713465867504, 0.40258960516049996, 0.38574223576217365, 0.37032863033643193, 0.3765857320530149, 0.37898859729897505, 0.3648030059248253, 0.37648345207893824, 0.37402898584467925, 0.3622305086674578, 0.36968144396718733, 0.37797086764006843, 0.35637719955505626, 0.34645504731947113, 0.3610051614450853, 0.36402341318002673], "train_acc": [1.747742164996959, 14.42145488346473, 33.27710262677729, 49.559908653790984, 61.347700852641125, 69.66066489941589, 75.02668089647813, 79.12234195154979, 81.9786323315087, 84.30015721646527, 86.36003718112025, 87.31710675801287, 88.5553298676857, 89.61453276873114, 90.12405182405527, 90.96980755327573, 91.5653940165938, 91.88900747065101, 92.07032281015825, 92.50180741556787, 92.79673173362711, 93.09165605168634, 93.1432964964827, 93.56215788205323, 93.62756911212863, 94.07856233001687, 94.07511963369711, 94.35627316647732, 94.36430612455675, 94.75103567780953, 94.86120196004177, 95.0539929539482, 94.94956449891555, 95.11596148770384, 95.16415923618044, 95.18825811041874, 95.4659689468792, 95.54744609311346, 95.80220562077552, 95.60597193054934, 95.81941910237431, 95.7712213538977, 95.8423704111727, 96.04548949403839, 95.98007826396301, 96.11204828955371, 96.10745802779404, 95.94679886620534, 96.18664004314846, 96.09598237339485], "val_acc": [4.974302496328928, 24.862334801762113, 42.21732745961821, 56.16740088105727, 64.75770925110132, 69.74118942731278, 74.76138032305433, 77.65234948604993, 79.09324522760646, 80.51578560939794, 82.75513950073422, 83.36086637298091, 84.45301027900148, 85.2881791483113, 86.24265785609398, 86.62812041116005, 86.92180616740089, 87.30726872246696, 87.29809104258443, 87.72026431718062, 88.21585903083701, 88.40859030837004, 88.53707782672541, 88.80323054331865, 89.106093979442, 89.60168869309838, 89.15198237885463, 89.50991189427313, 89.90455212922173, 90.30837004405286, 89.9320851688693, 90.2165932452276, 89.16116005873715, 90.13399412628488, 90.2165932452276, 90.28083700440529, 90.5011013215859, 90.87738619676945, 90.4643906020558, 90.69383259911895, 91.18024963289281, 90.7488986784141, 90.80396475770925, 91.07929515418502, 91.17107195301028, 90.63876651982379, 91.19860499265786, 91.65748898678414, 91.06093979441997, 91.51982378854626]}